userId,jokeId,rating
1,5,0.219
1,7,-9.281
1,8,-9.281
1,13,-6.781
1,15,0.875
1,16,-9.656
1,17,-9.031
1,18,-7.469
1,19,-8.719
1,20,-9.156
1,21,-7.188
1,22,-8.781
1,23,-8.531
1,24,-7.906
1,25,-7.469
1,89,9.812
1,50,9.906
1,102,0.75
1,103,-5
1,104,2.938
1,105,2
1,106,-0.156
1,107,2.031
1,108,5.688
1,109,9.656
1,87,8
1,93,9.312
1,76,9.312
1,65,8.781
1,72,8.781
1,27,8.781
1,36,8.781
1,119,8.781
1,120,8.781
1,35,8.781
1,53,8.781
1,91,8.781
1,83,8.781
1,32,8.781
1,121,8.781
1,123,8.781
1,29,8.781
1,31,8.781
1,66,8.688
1,69,8.688
1,54,8.688
1,127,8.688
1,128,0
1,42,0.062
1,80,0.062
1,49,0.062
1,62,0.219
1,34,-0.25
1,51,0.062
1,52,0.062
1,68,-0.125
1,81,0.125
1,61,0.031
1,26,0.031
1,92,3.625
1,118,0
1,134,3.344
2,5,-9.688
2,7,9.938
2,8,9.531
2,13,9.938
2,15,0.406
2,16,3.719
2,17,9.656
2,18,-2.688
2,19,-9.562
2,20,-9.125
2,26,9.938
2,27,9.781
2,28,9.812
2,29,9.906
2,30,3.125
2,50,9.938
2,36,9.844
2,32,-4.25
2,35,5.125
2,53,8
2,69,-5
2,89,9.562
2,21,9.844
2,54,-4.312
2,72,4.781
2,31,5.5
2,49,4.969
2,66,-2.125
2,62,4.75
2,65,3.688
2,81,-0.312
2,61,-0.781
2,83,3.938
2,48,9.281
3,5,-9.844
3,7,-9.844
3,8,-7.219
3,13,-2.031
3,15,-9.938
3,16,-9.969
3,17,-9.875
3,18,-9.812
3,19,-9.781
3,20,-6.844
3,33,-9.812
3,34,-9.781
3,37,-9.812
3,38,0.062
3,39,0
3,105,1.25
3,102,0.344
3,109,-9.812
4,5,-5.812
4,7,-4.5
4,8,-4.906
5,5,6.906
5,7,4.75
5,8,-5.906
5,13,-0.406
5,15,-4.031
5,16,3.875
5,17,6.219
5,18,5.656
5,19,6.094
5,20,5.406
5,40,0.25
5,41,4.438
5,42,5.562
5,43,6.094
5,44,0.5
5,109,0.312
5,102,3.812
5,62,0.625
5,50,1.969
5,32,4.906
5,36,4.469
5,35,3.812
5,66,0.469
5,49,4.281
5,27,0.438
5,53,2.594
5,68,0.781
5,89,6
5,76,7.062
5,21,6.375
5,29,1.188
5,69,0.562
5,48,0.344
5,72,8
5,28,2.281
5,38,2.812
5,54,1.188
5,56,2.75
5,93,4.375
5,78,4.812
5,104,1.438
5,61,1.688
5,97,3.906
5,91,3.562
5,83,2.875
5,87,3.188
5,31,3.219
5,96,7.719
5,88,6.281
5,65,4.906
5,95,5.75
5,22,7.031
5,47,6.25
5,94,2.5
5,81,3.906
5,92,6.156
5,46,5.781
5,82,4.156
5,39,4.812
5,45,3.969
5,26,4.188
5,73,3.562
5,34,0.531
5,80,-6.438
5,84,-0.031
5,77,0.875
5,25,0.906
5,23,0.094
5,70,0.406
5,90,-0.25
5,63,0.156
5,85,0.469
5,101,-7.906
5,100,0.594
5,99,0.469
5,55,0.781
5,86,0.344
5,30,0.281
5,98,0.844
5,59,-0.25
5,52,1.062
5,60,1.812
6,5,-0.031
6,7,-9.094
6,8,-0.406
6,13,7.5
6,15,-7.219
6,16,-9.438
6,17,0.125
6,18,-9.156
6,19,3.656
6,20,-9.438
6,45,-9.438
6,46,4.406
6,47,-8.281
6,51,-8.125
6,52,-4.812
6,50,-5.562
6,29,6.062
6,27,-9.062
6,36,8.125
6,21,7.906
6,35,8.406
6,65,-5.406
6,89,-5.094
6,53,3.844
6,31,5.969
6,83,-7.5
6,72,-7.5
7,5,-2.906
7,7,-2.344
7,8,-0.5
7,13,-0.969
7,15,2.25
7,16,0.406
7,17,0.875
7,18,0.406
7,19,1.438
7,20,-0.031
7,55,0.875
7,57,0.969
7,58,-0.312
7,59,0.312
7,60,0.406
7,50,1.812
7,36,1.969
7,89,3.281
7,32,1.969
7,27,1.625
7,29,2.625
7,49,2.438
7,35,1.812
7,62,1.969
7,69,4.188
7,68,1.344
7,72,1.719
7,53,1.531
7,54,-0.125
7,66,1.531
7,21,1.344
7,83,0.5
7,61,1.438
7,93,2.438
7,76,1.062
7,48,0.5
7,65,-0.406
7,31,-0.969
7,42,0.219
7,88,0.125
7,91,1.25
7,56,1.719
7,87,1.062
7,97,2.344
7,78,1.438
7,96,0.5
8,5,6.219
8,7,-7.438
8,8,-0.812
8,13,-3.438
8,15,0.531
8,16,0.531
8,17,2.344
8,18,-2.219
8,19,-4.531
8,20,2.281
8,63,-1
8,64,-4.406
8,67,2.125
8,70,1.969
8,71,-3.562
8,50,4
8,27,6.062
8,36,0.406
8,29,6.75
8,32,-0.875
8,35,0.031
8,53,7.25
8,89,3.75
8,49,2.969
8,69,4.875
8,54,3.625
8,62,7.625
8,66,0.531
8,68,3.188
8,21,5.719
8,65,5.719
8,61,5.719
8,42,5.719
8,31,5.719
8,72,3.719
8,56,5.875
8,76,5.344
8,93,5.094
8,81,5.188
8,88,5.188
8,83,3.312
8,87,8.375
8,91,8.375
8,48,-1.812
8,97,5.906
8,96,4.531
8,38,3.844
8,46,4.125
8,26,4.125
8,40,-3
8,78,-2.281
8,28,-1.969
8,39,4.875
8,94,-2.219
8,47,-4.75
8,95,-4.75
8,45,-0.125
8,100,6.156
8,101,-0.688
8,22,7.094
8,55,0.562
8,92,3.531
8,34,-3.312
8,98,8.781
8,84,-1
8,82,-1
8,73,-1
8,85,3.469
8,77,0.531
8,80,2.594
8,25,3.688
8,23,0.688
8,86,1.094
8,90,-6.406
8,52,6.094
8,60,-0.844
8,102,4.188
8,103,-0.219
8,104,0.875
8,105,0.875
8,106,1.281
8,107,0.969
8,108,4.594
8,109,3.562
8,99,0.062
8,41,0.062
8,75,0.062
8,30,0.062
8,51,0.062
8,59,0.062
8,79,0.062
8,43,0.062
8,33,0.062
8,37,1.281
8,74,1.281
8,24,1.281
8,57,1.281
8,44,1.281
8,58,1.281
9,5,8.25
9,7,9
9,8,8.875
9,13,9.75
9,15,9.375
9,16,9.219
9,17,9.031
9,18,8.844
9,19,-9.531
9,20,-5.938
9,110,-9.062
9,111,8.812
9,112,8.5
9,113,8.719
9,114,9.438
10,5,-5.75
10,7,0.281
10,8,0.781
10,13,8.281
10,15,3.594
10,16,-3.844
10,17,0.844
10,18,-6.312
10,19,3.375
10,20,6.594
10,115,7.125
10,116,8.781
10,117,8.031
10,118,7.25
10,119,1.406
10,50,6.75
10,29,0.75
10,32,9.531
10,36,8.125
10,27,-1.406
10,35,1.219
10,89,6.688
10,49,0.719
10,62,9.219
10,54,2.688
10,53,6.75
10,66,8.438
10,65,4.125
10,21,5.5
10,31,-6.188
10,72,2.188
10,69,2.406
10,61,1
10,42,-1.75
10,68,-0.219
10,56,-0.094
10,48,1.375
10,81,-0.812
10,100,1.875
10,101,0.094
10,76,1.875
10,46,-0.594
10,88,-0.375
10,83,1.031
10,39,2.75
10,45,5.844
10,93,1.875
10,40,3.688
10,26,1.062
10,38,3.219
10,28,1.406
10,87,2.219
10,78,1.906
10,22,2.469
10,91,6.688
10,85,-0.156
10,47,0.656
10,97,2.625
10,84,2.125
10,34,-2.062
10,94,2.031
10,25,1.188
10,52,0
10,96,2
10,80,4.75
10,92,2.344
10,98,-2.312
10,55,-3.438
10,95,1.75
10,82,5.469
10,41,2.406
10,23,-3.281
10,73,0.156
10,63,7.594
10,90,5.781
10,60,-2.031
10,70,3
10,64,-1.719
10,77,1.156
10,51,-1.938
10,99,2.125
10,86,1.469
10,59,1.781
10,30,1.281
10,79,-1.312
10,75,1.062
10,43,1.656
10,67,-1.938
10,33,0.375
10,37,-0.688
10,102,1.031
10,103,-1.031
10,104,2.219
10,105,0.219
10,106,5.406
10,107,4.844
10,108,3.281
10,109,-1
10,71,2.656
10,74,-1.469
10,24,-5.156
10,44,-0.156
10,57,0.438
10,58,-1.188
11,5,-7.156
11,7,-5.906
11,8,-0.094
11,13,-5.5
11,15,-6
11,16,0.25
11,17,3.438
11,18,-0.375
11,19,5.062
11,20,3.719
11,120,4.094
11,67,-2.75
11,71,3.562
11,74,0.094
11,75,2.188
11,89,3.031
11,50,4.75
11,32,3.781
11,27,3.688
11,35,2.5
11,62,3.219
11,93,0.156
11,36,3.375
11,66,3.938
12,5,-5.188
12,7,1.5
12,8,6.219
12,13,2.875
12,15,-2.719
12,16,-6.938
12,17,-0.188
12,18,6.5
12,19,9.938
12,20,-0.406
12,110,4.562
12,111,9.812
12,112,1.312
12,113,-0.188
12,114,9.844
12,103,5.812
13,5,-9.312
13,7,-9.375
13,8,-9.438
13,13,-1.875
13,15,-2.156
13,16,-8.875
13,17,-7.969
13,18,-8
13,19,-8.344
13,20,-8.844
13,115,-2.188
13,116,4.719
13,117,4.031
13,118,5.438
13,119,6.25
13,105,7.031
13,102,2.375
13,109,5.25
13,108,6.281
13,50,0.875
13,89,3.094
13,83,-7.094
13,53,4.625
13,29,-7
13,76,-3.031
13,27,-1.469
13,72,-3.719
13,36,2.219
13,65,0.031
13,21,-3.75
13,35,-6.438
13,69,1.562
13,32,3.344
13,31,2.25
13,107,4.094
13,100,-7.438
13,101,-6.781
13,66,-3.844
13,81,1.75
13,98,-7.219
13,87,3.156
13,54,2.594
13,49,2.875
13,93,3.281
13,42,2.812
13,68,3.094
13,61,3.531
13,91,0.906
13,56,-7.469
13,34,1.969
13,26,1.5
13,62,2.094
13,97,-7.344
13,104,2.469
13,80,0.094
13,39,-0.562
13,46,4.094
13,96,0.844
13,73,-0.781
13,78,-0.375
13,88,0.594
13,92,-2.188
13,95,-3.031
13,48,-7.625
13,47,-6.031
13,22,-1.125
13,28,-6.062
13,77,-6.781
13,25,-5.344
13,94,-7.375
13,70,-6.781
13,38,-6.25
13,23,-6.688
13,40,-7.375
13,52,-7.344
13,45,1.031
13,103,-7.438
13,55,-1.938
13,79,-7.812
13,82,-7.969
13,85,-8
13,99,-6.375
13,86,-7.812
13,75,-6.375
13,51,-6.781
13,90,-6.938
13,84,-7.438
13,63,-7.812
13,30,-8.375
13,43,-7.625
13,106,-4.219
14,5,-5
14,7,-3.906
14,8,-3.719
14,13,0
14,15,-0.938
14,16,-0.875
14,17,-1.812
14,18,-3.375
14,19,-0.531
14,20,-0.438
14,120,-0.688
14,64,-2.062
14,79,-2.031
14,110,0.25
14,111,-0.156
15,5,8.75
15,7,-9.688
15,8,-2.688
15,13,9.688
16,5,0.469
16,7,-9.938
16,8,1.562
16,13,-9.906
16,15,-9.938
16,16,-8.938
16,17,4.562
16,18,-9.969
16,19,-9.875
16,20,-9.938
16,112,-9.594
16,113,-9.5
16,114,9.969
16,115,2.656
16,116,-9
16,103,7
16,104,-9.844
16,107,-6.375
16,108,5.219
16,50,-5.562
16,29,-9.844
16,36,3.406
16,27,4.625
16,53,6.062
16,21,0.281
16,65,3.469
16,35,2.188
16,83,4.719
16,72,2.25
16,81,9.969
16,76,-0.781
16,100,-9.969
16,69,-2
16,32,9.938
16,101,-9.875
16,54,-0.188
16,31,9.938
16,89,1.312
16,42,-5.375
16,49,2.844
16,34,5.531
16,46,-10
16,66,-7.031
16,26,-9.688
16,98,2.656
16,39,-10
16,93,-10
16,61,-3.5
16,62,-9.938
16,91,8.438
16,56,-9.906
16,68,-9.438
16,87,9.906
16,80,3.031
16,78,-9.031
16,96,-0.219
16,22,-8.875
16,25,-9.375
16,92,-0.094
16,40,-5.031
16,48,-9.531
16,88,-6.312
16,52,-8.688
16,70,-4.438
16,73,-4.531
16,95,-1.719
16,97,9.969
16,75,8.094
16,47,-8.969
16,38,-5.188
16,28,2.531
16,45,-9.25
16,85,-7.812
16,94,-3.156
16,51,-9.906
16,23,-8.875
16,77,1.781
16,55,-4.875
16,82,-5.125
16,79,-9.312
16,41,-6.812
16,86,-6.875
16,99,-4.656
16,63,1
16,84,-9.844
16,60,2.688
16,90,-9.781
16,43,-5.375
16,30,-9.781
16,64,-9.438
16,67,-8.25
16,24,-9.031
16,59,-7.281
16,33,-8.438
16,74,-9.625
16,71,-9.906
16,37,-9.656
16,44,-8.375
16,57,-7.281
16,58,-9.906
16,102,8.031
16,109,-9.812
16,106,5.781
16,105,-2.219
16,110,-5.656
16,117,1.938
16,118,3.156
16,119,1.281
16,111,2.375
17,5,6.281
17,7,8.156
17,8,9.938
17,13,-8.969
17,15,-8.375
17,16,-9.844
17,17,10
17,18,0.094
17,19,6.719
17,20,10
17,117,8.031
17,118,-2.719
17,119,9
17,120,2.75
17,24,9.656
17,50,6.625
17,29,9.281
17,35,10
17,89,8.906
17,32,9.375
17,36,9.688
17,27,9.938
17,49,10
17,62,5.125
17,21,3.438
17,53,8.812
17,66,8.406
17,54,-0.062
17,72,6.938
17,69,0.844
17,48,9.312
17,68,0.094
17,31,-0.156
17,65,7.969
17,61,5.656
17,76,2.719
17,93,-0.031
17,38,5.344
17,42,5.938
17,88,-8.156
17,81,5.25
17,56,-9.812
18,5,-0.438
18,7,-7.344
18,8,2.375
18,13,-2.281
18,15,-7.75
18,16,-4.562
18,17,-5.531
18,18,-2.25
18,19,-3.531
18,20,-7.312
18,95,6.156
18,99,3.938
18,110,4.531
18,111,1.312
18,112,3.562
18,50,2
18,27,2.594
18,36,2.969
18,89,2.5
18,35,0
18,113,1.469
18,114,4.312
18,29,-1.062
18,32,1.219
18,53,-5.344
18,72,0.406
18,65,4.531
18,49,2.938
18,86,-0.125
18,90,-0.125
18,21,0.156
18,62,0.969
18,69,0.75
18,68,0.75
18,66,-0.406
18,92,2.188
19,5,-8.906
19,7,-3.719
19,8,-6.125
19,13,5.219
19,15,8.5
19,16,4.406
19,17,0.625
19,18,1.969
19,19,3.5
19,20,4.75
19,112,4.562
19,113,6.219
19,114,7.031
19,115,5.844
19,116,6.625
19,50,6.906
22,5,6.312
22,7,-2.406
22,8,5.469
22,13,-8.625
22,15,-8.406
22,16,-8.25
22,17,4.156
22,18,-9.188
22,19,4.5
22,20,4.844
22,120,6.438
22,33,-5.625
22,37,-9.844
22,41,-9.156
22,44,4.312
22,102,-6.531
22,50,-8.156
22,89,-0.156
22,29,-4.938
22,36,-6.281
22,27,2.844
22,32,4.156
22,72,6.188
22,35,9.406
22,53,8.344
22,54,3.688
22,49,-5.656
22,76,-3.219
22,66,-0.719
22,62,-9.875
22,69,5.156
22,31,2.656
22,68,-6.875
22,65,-6.875
22,61,-9.219
22,21,3.969
22,83,6.25
22,93,6.438
22,81,6.781
22,87,6.625
22,42,3.188
22,56,5.75
22,91,4.344
22,48,-8.438
22,78,-1.656
22,46,-4.125
22,88,8.812
22,97,-2.594
22,45,1.844
22,101,-0.719
22,100,-4.156
22,39,-4.906
22,26,5.781
22,47,3.438
22,40,-5.188
22,80,7
22,34,5.281
22,96,5.25
22,98,2.312
22,28,-1.094
22,73,5.625
22,77,5.75
22,85,-5.281
22,38,2.625
22,22,-5.156
22,94,5.281
22,95,5.906
22,84,-3.375
22,92,4.5
22,25,-2.531
22,70,-0.375
22,105,-1.75
22,106,7.656
22,108,-8.125
22,109,-6.219
22,82,-5.219
22,104,-5.125
23,5,-0.344
23,7,-9.781
23,8,-7.062
23,13,0.344
23,15,-8.656
23,16,-8.219
23,17,2.219
23,18,3.219
23,19,9.812
23,20,3.719
23,57,-9.688
23,58,8.656
23,64,0.125
23,67,-9.5
23,71,9.75
23,89,9.344
23,62,0.469
23,93,7
23,32,9.75
23,68,9.938
23,72,6.375
23,36,-9.5
23,27,7.406
23,76,-8.969
23,50,8.625
23,96,7.312
23,35,9.219
23,66,9.25
23,91,9.625
23,87,8.375
23,92,-6.375
24,5,4.281
24,7,-4.625
24,8,-3.625
24,13,2.906
24,15,-2.188
24,16,-2
24,17,6.094
24,18,-3.5
24,19,3.344
24,20,-1.625
24,74,3.812
24,110,3.094
24,111,6.156
24,112,5.844
24,113,6.375
24,105,5.156
25,5,-2.344
25,7,-1.906
25,8,-2.219
25,13,-4.656
25,15,-7.594
25,16,-1.344
25,17,-0.906
25,18,-9.375
25,19,-9.375
25,20,-7.562
25,114,3.281
25,115,5.5
25,116,8.5
25,117,2.031
25,118,-6.094
25,108,6.625
25,106,7.219
25,104,2.344
25,109,0.469
25,107,-6.219
25,50,6.375
25,72,2.781
25,53,2.656
25,29,-3.062
25,89,0.938
25,27,-0.188
25,76,1.719
25,36,-3.906
25,83,1.812
25,35,-3.188
25,65,-3.219
25,21,3.875
25,32,-0.344
25,42,3.312
25,69,6.312
25,31,2.5
25,49,5.281
25,66,1.156
25,81,-4.781
25,54,1.812
25,105,-7.188
25,80,1.281
25,68,4.562
25,93,5
25,87,3.656
25,62,7.469
25,98,4.062
25,34,-3
25,101,-3.156
25,91,2.625
25,100,4.594
25,56,4.469
25,26,5.031
25,61,2.531
25,73,2.094
25,78,2.562
25,88,-1.781
25,46,1.031
25,39,7.344
25,48,9.312
25,92,-3.188
25,47,5
25,97,-0.844
25,22,0.781
25,70,-1.062
25,96,-0.062
25,75,3.156
25,77,2.562
25,28,4
25,25,1.25
25,38,-3.594
25,52,3
25,40,4.219
25,85,3.75
25,95,-9.094
25,79,3.312
25,82,2.406
25,55,0.531
25,23,0.594
25,94,2.75
25,45,-2.469
25,51,1.844
25,84,3.719
25,86,2.031
25,99,1.812
25,63,3.844
25,43,-0.281
25,90,5.719
25,74,1.781
25,67,2.156
25,30,1.625
25,71,-1.938
25,41,2.125
25,60,-2.375
25,64,-3.438
25,59,-1.25
25,24,-3.188
25,33,-4.125
25,37,-5.281
25,44,-6.719
25,57,0.781
25,58,-2.969
25,102,-1.75
25,103,0.562
25,110,0.812
25,113,-0.219
25,120,0.219
25,112,1.719
25,111,0.969
25,119,3.656
26,5,5.125
26,7,-8.281
26,8,4
26,13,-0.875
26,15,8.812
26,16,7
26,17,4.438
26,18,-8.562
26,19,1.281
26,20,-8.594
26,114,2.344
26,115,-5.812
26,116,2.375
26,117,-5.219
26,118,-5.219
26,50,-6.5
27,5,1.844
27,7,-6.844
27,8,4.438
27,13,-6.125
27,15,3.438
27,16,-7.188
27,17,8.531
27,18,-7.062
27,19,9.812
27,20,-8.188
27,119,9.5
27,120,-7.781
27,24,-3.344
27,33,-6.938
27,37,-7.438
27,50,6.031
28,5,-9.844
28,7,3.875
28,8,6.406
28,13,-6.406
28,15,-6.5
28,16,-3.219
28,17,5.094
28,18,5.094
28,19,1.969
28,20,5.031
28,41,6.375
28,43,7.406
28,44,1.375
28,51,-3.375
28,57,-7.594
28,108,7.75
28,89,8.938
28,50,8.875
28,32,3.281
28,36,9.5
29,5,-9.094
29,7,-6.562
29,8,-8.094
29,13,1.844
29,15,-3.688
29,16,-4.031
29,17,-9.812
29,18,2.938
29,19,4
29,20,3.125
29,58,-4.344
29,59,3.281
29,60,4.906
29,63,6.688
29,64,-7.438
29,89,7.656
29,62,-5.844
29,66,-5.875
29,32,6.719
29,93,6.906
29,72,1.438
29,68,7.094
29,36,3.188
29,96,-3.75
29,76,-5.594
29,91,-4.031
29,88,2.719
33,5,-9.281
33,7,-9.281
33,8,-9.375
33,13,-9.344
33,15,-9.469
33,16,-9.469
33,17,-9.531
33,18,-9.406
33,19,-9.281
33,20,-9.281
33,67,-8.594
33,71,-8.875
33,74,-8.875
33,75,-8.844
33,79,-8.25
33,108,-4.75
33,107,-7.375
33,102,-7.969
33,103,-8.344
33,76,-8.312
33,50,-8.281
33,104,-7.469
33,89,-7.75
33,32,-7.812
33,83,-8.062
33,53,-8.125
33,109,-7.906
33,27,-8
33,66,-7.938
33,36,-7.469
33,29,-7.719
33,72,-8.031
33,65,-7.875
33,69,-8.094
33,35,-8.062
33,21,-8.031
33,105,-7.812
33,93,-8.125
33,54,-3.562
33,42,-2.625
33,31,-3.844
33,68,-3.25
33,49,-3.531
33,62,-2.344
33,88,-0.094
33,87,0.281
33,34,0.688
33,98,0.156
33,26,-0.344
33,92,0.344
33,91,0.406
33,61,-0.094
33,56,-0.125
33,80,-0.125
33,81,-0.125
33,47,-2.562
33,97,-2.438
33,96,-2.438
33,28,0.156
33,78,0.031
33,48,0.5
33,39,0.344
33,46,0.344
33,77,0.562
33,101,0.406
33,100,0.594
33,73,1.219
33,95,0.344
33,70,0.469
33,22,1.688
33,38,0.906
33,25,1
33,45,1.125
33,40,1.375
33,55,1.406
33,23,1.656
33,52,0.562
33,84,0.719
33,106,0.75
33,94,0.281
33,85,0.438
33,63,1.031
33,82,1.656
33,90,0.875
33,86,1.219
33,30,1.969
33,51,1.656
33,99,1.875
33,59,2.281
33,43,2.469
33,60,2.531
33,24,2.5
33,33,1.219
33,41,1.5
33,37,1.938
33,64,0.219
33,57,-0.094
33,44,-0.375
33,58,0.906
33,115,0.281
33,110,0.438
33,112,0.531
33,119,0.281
33,118,0.25
33,113,0.562
33,116,0.594
33,114,0.406
33,120,0.594
34,5,9.875
34,7,9.719
35,5,-4.188
35,7,5.156
35,8,-3.688
35,13,7.281
35,15,-4.188
37,5,-6.469
37,7,4.438
37,8,-7.125
37,13,3.875
37,15,-3.375
37,16,-4.969
37,17,2.562
37,18,-4.125
37,19,-5.438
37,20,-6.156
37,111,-6.531
37,117,-8.281
37,67,-7.156
37,71,-5.938
37,74,-5
37,50,6.281
37,29,-0.156
37,36,5.844
37,27,-0.281
37,106,-3
37,21,-3.719
37,72,-3.844
37,35,3.438
37,32,-3.406
37,53,-5.844
37,65,-0.469
38,5,-4.969
38,7,-0.438
38,8,0.812
38,13,0.906
38,15,-0.656
38,16,6.125
38,17,2.531
38,18,3.719
38,19,1.344
38,20,1.062
38,75,1.156
38,79,1.344
38,86,5.781
38,90,4.812
38,99,2.312
39,5,-8
39,7,-8.406
39,8,-7.906
39,13,-8.375
39,15,-8.406
39,16,0.938
39,17,-7.719
39,18,-4.375
40,5,9.688
40,7,9.719
40,8,8.875
40,13,-1.125
40,15,-9.594
40,16,-9.312
40,17,-8.781
40,18,-7.906
40,19,-4
40,20,-0.938
40,107,2.312
40,110,4.25
40,111,5.469
40,112,6.406
40,113,7.156
40,105,9.562
40,50,9.875
40,29,8.812
40,36,7.562
40,27,6.875
40,89,5.438
40,35,0.625
40,32,-2.781
40,53,-3.938
40,54,-5.031
40,21,-6.562
40,31,-6.906
40,72,-7.25
40,65,-8.094
40,83,-8.094
40,49,-8.438
40,81,-8.844
40,69,-9.344
40,66,-9.562
40,62,-1.156
40,42,-4.625
40,61,4.531
40,76,5.219
40,93,6.125
40,101,8.594
40,100,8.656
40,88,9.312
40,68,9.531
40,46,9.906
40,40,3.75
40,87,5.531
40,56,6.344
40,78,9.656
40,48,9.5
40,91,-6.281
40,26,-7.531
40,98,-8.875
40,39,-9.438
40,22,-8.594
40,34,-6.25
40,95,1.719
40,85,1.906
40,45,2.031
40,38,2.031
40,97,2.375
40,73,2.719
40,94,3.312
40,25,3.781
40,96,4.438
40,80,5.75
40,28,6.625
40,47,8.156
40,104,9.969
40,103,9.281
40,106,-6.875
40,108,-7.469
40,109,-8.875
40,82,-9.656
40,77,-9.031
40,55,-8.5
40,92,-4.531
40,60,-3.25
40,84,-3.25
40,52,-1.344
40,41,0.344
41,5,8.594
41,7,9.844
41,8,9.969
41,13,-8.969
41,15,-9.781
41,16,-0.25
41,17,9.781
41,18,9.188
41,19,9.656
41,20,9.25
41,114,9.781
41,115,9.75
41,116,9.625
41,117,-9.531
41,118,8.75
41,109,9.531
41,102,9.781
41,62,9.812
41,50,-9.781
41,32,9.875
41,36,9.906
41,35,8.719
41,66,9.656
41,49,9.906
41,27,9.906
41,53,9.906
41,68,9.75
41,89,9.844
41,76,9.906
41,21,9.969
41,29,9.531
41,69,9.906
41,48,9.75
41,72,-4.094
41,28,-9.438
41,38,9.656
41,54,9.781
41,42,9.812
41,56,9.906
41,93,9.75
41,78,9.812
41,104,9.688
41,61,8.875
41,97,8.938
41,91,9.375
41,83,9.719
41,87,9.469
41,31,9.531
41,96,9.969
41,88,9.656
41,65,9.656
41,95,9.906
41,22,9.875
41,47,9.719
41,94,9.812
41,81,9.875
41,92,9.906
41,40,9.906
41,46,9.875
41,82,9.844
41,39,9.906
41,45,9.812
41,26,9.844
41,73,9.844
41,34,9.469
41,80,9.344
41,84,9.781
41,77,9.781
41,25,9.625
41,23,9.906
41,119,9.562
41,120,9.594
41,70,9.812
41,90,9.594
41,63,9.875
41,85,8.625
41,101,8.031
41,52,-8.844
41,55,-0.469
41,100,0.906
41,99,9.75
41,86,9.75
41,30,9.781
41,41,9.781
41,57,9.5
41,58,9.562
41,98,9.969
41,59,9.938
41,60,-7.312
41,67,9.875
41,79,9.781
41,64,9.562
41,71,9.719
41,43,9.844
41,103,9.938
41,75,9.938
41,51,9.875
41,33,9.688
41,74,9.906
41,106,9.75
41,24,9.719
41,37,9.781
41,44,9.75
42,5,-6.562
42,7,-6.344
42,8,-1.781
42,13,1.062
42,15,0.438
42,16,-4
42,17,9.75
42,18,-2.375
42,19,9.031
42,20,4.25
42,114,6.062
42,115,9.688
42,116,9.781
42,117,9.781
42,118,7.75
42,89,9.438
42,50,8.844
42,29,5.469
42,32,9.219
42,36,9.344
42,27,6.844
43,5,-1.938
43,7,-0.812
43,8,0.156
43,13,-0.125
43,15,4.438
43,16,3.156
43,17,0.438
43,18,2
43,19,1.406
43,20,-3.688
43,119,0.75
43,120,5.5
43,23,3.156
43,24,4.75
43,30,5.406
43,108,2.625
43,89,5.562
43,50,6.219
43,32,4.875
43,36,5.906
44,5,0.312
44,7,-3.344
44,8,2.062
44,13,2.719
44,15,3.719
44,16,3.812
44,17,0.219
44,18,4.094
45,5,-3.156
45,7,2.719
45,8,1.094
45,13,-1.531
45,15,-9.312
45,16,-4.062
45,17,6.875
45,18,1.375
45,19,6.219
45,20,1.844
45,33,-3.469
45,37,-1.25
45,40,2.656
45,41,0.562
45,43,2.812
45,50,-1.281
46,5,6.469
46,7,-6.781
46,8,8.625
46,13,-8.062
46,15,-4.156
46,16,2.094
46,17,3.719
46,18,-1.688
46,19,4.625
46,20,5.375
46,44,6.75
46,51,3.094
46,52,1.719
46,55,7.094
46,57,8.031
46,89,7.531
46,50,2.469
46,36,7.875
46,32,9.875
46,27,9.156
46,62,9.562
46,35,9.469
46,53,9.531
46,29,-1.5
46,66,9.031
46,49,3.156
46,93,9.031
46,69,9.219
46,54,9.938
46,68,9.938
46,72,5.812
46,76,9.719
46,91,9.938
46,48,8.531
46,61,9.875
46,42,-3.75
46,56,8.531
46,28,7.906
46,21,0.906
46,88,9.781
46,65,9.969
46,38,9.719
46,31,4.188
46,97,9.844
46,96,8.469
46,83,8.312
46,81,7.906
46,26,7.438
46,47,9.812
46,22,7.062
46,92,9.969
46,45,5.75
46,39,0.125
46,40,8.938
46,87,9.969
46,78,2.688
46,94,5.844
46,95,9.969
46,46,-4.656
46,63,7.312
46,34,6.969
46,84,4.344
46,82,6.344
46,23,9.906
46,25,0.875
46,70,6.562
46,86,7.281
46,90,7.094
46,80,9.969
46,77,4.156
46,121,-0.062
46,106,8.719
46,127,-4.062
46,126,6.188
46,104,4.312
46,101,2.812
46,103,3.531
46,129,3.469
46,125,3.031
46,117,5.688
46,111,6.438
46,109,6.75
46,122,7.125
46,123,8.531
46,114,9.125
46,119,8.906
46,110,7.219
46,115,6.781
46,59,6.219
46,124,5.281
46,131,6.719
46,113,5.719
46,130,0.406
46,108,4.812
46,128,5.656
46,60,6.406
46,132,7.094
46,133,4.094
46,67,8.594
46,107,6.125
46,134,9.219
46,135,6.812
46,136,5.906
46,137,8.469
46,138,-1.688
46,139,-2.25
46,140,6.969
46,141,6.844
46,142,7.906
46,143,9.156
46,144,7.406
46,145,8.5
46,146,7.219
46,147,6.562
46,148,6.938
46,149,6.781
46,150,8.75
46,37,1.656
46,41,8.281
46,105,8.281
46,118,7.5
46,120,7.375
46,98,0.5
46,99,6.125
46,58,5.844
46,64,9.219
46,79,7.344
46,24,7.188
46,85,-2.844
46,75,2.312
46,30,6.719
46,71,6.188
46,74,5.469
46,33,-3
46,112,8.375
46,102,7.719
47,5,9.438
47,7,-8.719
47,8,-8.156
47,13,-7.688
47,15,-7.844
47,16,-8.312
47,17,6.812
47,18,-2.344
47,19,2.156
47,20,5.812
47,58,4.5
47,59,4.594
47,60,4.344
47,64,4.844
47,67,4.75
47,89,-3.875
47,50,-2.938
47,32,3.062
47,36,3.875
47,62,4
47,27,4.25
47,72,3.875
47,35,3.125
47,53,2.906
47,29,-3.625
47,54,-3.125
47,66,-5.156
47,65,2.5
47,93,2.562
47,68,2.781
47,49,3.75
47,69,3.188
47,88,1.594
47,76,1.469
47,61,1.031
47,91,1.031
47,87,3.219
47,21,2.031
47,56,3.469
47,83,3.469
47,31,2
47,48,2
47,42,2
47,97,2
47,81,5
47,78,2.688
47,96,3.375
47,28,3.969
47,47,3.969
48,5,-6.25
48,7,-6.781
48,8,7.594
48,13,8.125
48,15,-7.312
48,16,-9.125
48,17,7.906
48,18,1.156
48,19,8.75
48,20,-4.938
48,71,-8.625
48,73,-8.938
48,74,7.438
48,75,-5.875
48,77,-6.844
48,50,-4.719
48,29,-4.531
48,27,-9.75
48,36,1.25
48,32,8.25
48,35,4.719
48,21,6.125
48,53,9.281
48,49,-8.844
48,31,-8.844
48,54,-6.969
48,72,-9.656
48,83,-9.75
48,89,-6.562
48,69,-5.5
48,65,7.25
48,66,9.625
48,81,9.344
48,42,-0.781
48,62,-1.219
48,61,-1.25
48,48,-1.562
49,5,2.562
49,7,3.656
49,8,8.25
49,13,5.5
49,15,0.438
49,16,-4.75
49,17,9.531
49,18,6.812
49,19,4.562
49,20,8
49,79,5.938
49,85,4.469
49,98,6.5
49,99,7.219
49,103,7.719
49,50,5.938
49,29,2
49,35,9.656
49,89,9.906
49,32,5.906
49,36,6.031
49,27,8.562
49,49,5.938
50,5,-0.188
50,7,1.875
50,8,4.969
50,13,6.188
50,15,6.125
50,16,-5.281
50,17,1.938
50,18,4.438
50,19,2.531
50,20,6.094
50,107,6.094
50,110,2.375
50,111,1.938
50,112,3.938
50,113,3.938
50,50,5.844
50,29,3.406
50,35,1.688
50,89,4.156
50,32,2.469
50,36,3.625
50,27,5.062
50,49,5.875
50,62,6.219
50,21,7.188
50,53,5.406
50,66,5.5
50,54,5.844
50,72,5.844
50,69,5.844
50,48,2.906
50,68,3
50,31,6.844
50,65,4.688
50,61,6.469
50,76,3.969
50,93,4.094
50,38,6.312
50,42,4.656
50,88,3.594
50,81,2.156
50,56,6.75
50,40,2.219
50,26,4.719
50,28,3.844
50,91,4.438
50,83,4.406
50,46,3.438
50,78,5.094
50,87,6
50,39,5.969
50,45,4.594
50,34,2.156
50,100,6.094
50,101,2.594
50,97,5.125
50,80,-5.719
50,96,1.531
50,22,6.719
50,47,2.219
50,25,3.625
50,98,2.344
50,90,4.031
50,82,4.031
50,95,3.5
50,85,5.375
50,73,-2.844
50,23,5.688
50,84,3.031
50,41,4.75
50,94,6.25
50,92,3.125
50,64,3.938
50,52,4.688
50,55,5.656
50,63,3.719
50,70,2.625
50,86,2.188
50,51,4.281
50,77,4.844
50,59,4.438
50,30,4.438
50,60,5.375
50,79,6.062
50,43,6.625
50,99,6.031
50,33,6.469
50,75,2.688
50,67,5.656
50,37,6.25
50,71,2.625
50,74,0.594
50,24,4.906
50,57,4.438
50,44,3
50,102,4.562
50,103,4.469
50,104,5.281
51,5,-3.219
51,7,5.281
51,8,8.562
51,13,-1.094
51,15,2.562
51,16,0.312
51,17,9.906
51,18,8.156
51,19,5.719
51,20,7.188
51,119,9.938
51,120,9.312
51,24,7.281
51,30,6.75
51,33,0.219
51,50,8.75
51,36,8.938
51,35,9
51,32,8.812
51,29,6.625
51,27,8.719
52,5,-4.219
52,7,-7.969
52,8,-5.656
53,5,-4.875
53,7,-4.625
53,8,3
53,13,3.938
53,15,-6.688
53,16,-6.688
53,17,-5.062
53,18,4.25
53,19,3.594
53,20,-7.906
53,58,-8.156
53,106,8.031
53,107,-5.969
53,110,4.438
53,111,6.875
53,50,6.688
53,89,4.594
53,35,3.625
53,27,6.625
53,32,6.406
53,36,2.812
53,29,7.406
53,49,-4.375
53,62,6.531
53,53,7.406
53,68,6.969
53,66,7.469
53,54,7.25
53,76,8.594
53,72,-2.344
53,69,1.219
53,61,8.688
53,65,-5.75
53,87,1.562
53,31,-1.594
53,93,5.062
53,21,-3.5
53,42,8.219
53,83,3.469
53,56,5.188
53,88,3.781
53,81,6.281
53,91,0.062
53,48,4.531
53,78,5.219
54,5,3.062
54,7,3.219
54,8,5.75
54,13,9.906
54,15,-1.375
54,16,0.469
54,17,9.875
54,18,4.625
54,19,7.812
54,20,3.156
54,112,5.938
54,113,5.969
54,114,-1.188
54,115,9.844
54,116,9.812
54,50,9.719
54,29,9.812
54,35,7.375
54,89,5.969
54,32,9.875
54,36,6.562
54,27,8.781
54,49,6.25
54,62,7.188
54,21,9.906
54,53,6.688
54,66,5.969
54,54,9.875
54,72,9.875
54,69,9.781
54,48,9.875
54,68,5.906
54,31,9.781
54,65,9.656
54,61,8.844
54,76,3.781
54,93,8.031
54,38,6.281
54,42,6.688
54,88,7.25
54,81,-2.062
54,56,-2.844
54,40,-4.062
54,26,5.312
54,28,5.719
54,91,5.906
54,83,3.812
54,46,6.188
54,78,9.781
54,87,6.156
54,39,9.844
54,45,9.844
54,34,6.656
54,100,9.594
54,101,3.844
54,97,6.312
54,80,9.656
54,96,8.719
54,22,9.5
54,47,7.562
54,25,8.188
54,98,8.844
54,90,9.812
54,82,9.438
54,95,8.969
54,85,9.031
54,73,9.406
54,23,9.219
54,84,8.719
54,41,8.562
54,94,9.344
54,92,7.188
54,64,8.281
54,52,5.406
54,55,2.188
54,63,4.75
54,127,9.688
54,128,9.625
54,70,8.594
54,86,-8.062
54,51,9.406
54,77,8.062
54,59,8.656
54,129,9.031
54,130,9.312
54,30,8.25
54,60,9.375
54,79,8.969
54,43,9.125
54,99,8.656
54,121,9.125
54,122,-6
54,33,8.844
54,75,-9.562
54,67,8.969
54,37,9.062
54,71,-9.312
54,123,8.812
54,124,-9.406
54,74,-9.469
54,24,-6.531
54,57,8.562
54,44,8.562
54,102,8.062
54,125,8.656
54,126,8.5
54,103,8.438
54,104,8.281
54,105,8.656
54,106,8.531
54,107,7.406
54,119,9.094
54,120,-3.438
55,5,-6.656
55,7,1.812
55,8,-1.812
55,13,-7.344
55,15,-7.281
55,16,7.375
55,17,-7.438
55,18,6.969
55,19,-7.156
55,20,-8.312
55,117,-6.75
55,118,-9.438
55,119,-6.156
55,120,-7.344
55,37,-6.625
55,89,-6.375
55,62,-7.969
55,93,-7.219
55,68,-7.219
55,72,-5.875
55,32,-5.875
56,5,2.219
56,7,4.531
56,8,0.25
56,13,2.875
56,15,5.656
56,16,5.938
56,17,-6.688
56,18,5.594
56,19,-2.969
56,20,-7.531
56,43,1.281
56,44,2.75
56,51,1.531
56,52,1.344
56,55,1.531
56,103,-3.188
56,104,2.156
56,105,1.938
56,106,1.625
56,108,2.406
56,109,2.125
56,50,1.469
56,89,0.906
56,32,1.469
56,36,3.719
56,35,3.25
56,102,2.938
56,62,2.094
56,27,3.344
56,29,3.125
56,54,0.812
56,49,0.531
56,53,4.406
56,68,-6.125
56,66,0.156
56,72,0.5
56,69,7.094
56,61,4.906
56,21,-5
56,88,6
56,48,-6.281
56,31,6.844
56,56,-6.25
56,42,-0.031
56,65,6.281
56,78,-6.438
56,93,3.938
56,83,-5.656
56,76,-0.531
56,87,6.094
56,81,5.188
56,28,-3.812
56,38,0.438
56,91,-0.031
56,46,5.625
56,45,0.094
56,97,5.094
56,26,-2.125
56,40,-4.219
56,39,-4.188
56,96,1.562
56,47,-0.406
56,94,0.5
56,95,3.875
56,85,-3.719
56,84,3.344
56,34,0.344
56,22,3.188
56,82,-4.062
56,73,-2.125
56,80,-5.406
56,92,3.688
56,101,-3.562
56,100,3.75
56,77,-3.656
56,25,3.906
56,90,0.781
56,63,-4.594
56,23,3.781
56,98,2.031
56,70,1
56,86,-1.375
56,59,3.25
56,30,-3.906
56,99,2.938
56,41,4.969
56,79,3.688
56,60,5
56,75,0.438
56,64,2.188
56,71,3.844
56,67,1.562
56,107,0.188
56,33,3.688
56,37,4.562
56,74,-3.656
56,57,3.969
56,24,-3.281
56,58,2.594
56,118,3
56,112,3.844
56,114,2.031
56,120,-0.938
56,116,-3.031
56,117,1.094
56,119,2.344
56,115,-2.656
56,113,0.062
56,111,-2.219
56,110,2.156
57,5,-9.938
57,7,0.031
57,8,-7.031
57,13,-0.062
57,15,-0.062
57,16,3.062
57,17,-6.656
57,18,3.688
57,19,0.094
57,20,-2.156
57,58,-2.125
57,110,2.781
57,111,2.75
57,112,3
57,113,3
57,89,2.125
57,62,2.844
57,93,4.031
57,32,4.844
57,68,-0.438
57,72,-5.719
57,36,3.844
57,27,3.125
57,76,4.594
57,50,0.906
57,96,-0.438
57,35,2.938
57,66,4.406
57,91,4.094
57,87,3.312
57,92,-0.25
57,53,-0.469
57,94,-3.781
57,88,-0.125
57,78,-3.031
57,49,-2.219
57,47,-2.344
57,69,0
58,5,9.844
58,7,0.344
58,8,-2.531
58,13,-3
59,5,5.5
59,7,8.781
59,8,8.562
59,13,9
59,15,-8.688
59,16,-9.062
59,17,2.062
59,18,-8.969
59,19,1.844
59,20,-8.938
59,114,-9.031
59,115,-9.312
59,116,-8.844
59,117,-9.094
59,118,-9.281
59,50,-9.25
59,29,1.781
59,36,-0.469
59,27,0.156
59,89,9.062
59,35,9
59,32,9.094
59,21,9.094
59,53,9.094
59,72,3.188
59,54,2.531
59,49,-0.375
59,69,9.219
59,65,-0.906
59,31,2.781
59,83,-9.188
59,61,2
59,76,6.531
59,66,8.719
59,62,-9.281
59,68,-8.781
59,93,-8.938
59,81,8.625
59,100,-9.062
59,101,-9.031
59,42,-9.062
59,88,8.281
59,56,8.281
59,48,-9.469
59,40,-9.25
59,26,-8.5
59,46,8.875
59,87,8.906
59,39,-2.625
59,78,-6.906
59,98,-3.25
59,85,-3.531
59,45,-6.781
59,91,-9.094
59,22,-1.75
59,97,-6.969
59,25,6.281
59,34,-2.594
59,38,-4.625
59,28,-2.969
59,47,-9.562
59,96,-8.062
59,84,-8.938
59,73,-8.5
59,52,-8.5
59,92,-8.5
59,90,-8.5
59,82,-8.5
59,95,-8.5
59,94,-8.5
59,80,-8.5
59,41,-8.5
59,51,-8.5
59,23,-8.5
59,55,-8.5
59,63,-8.5
59,60,-8.5
59,77,-8.5
59,64,-8.5
59,86,-8.5
59,70,-8.438
59,102,8.344
59,103,-6.719
59,104,-6.719
59,105,-6.719
59,106,-6.719
59,107,-6.719
59,108,-6.719
59,109,8.438
59,75,8.438
59,79,-9.188
59,99,-9.188
59,59,-9.188
59,71,-8.719
59,30,-8.719
59,33,-8.719
59,43,-8.719
59,37,-8.719
59,74,-8.719
59,67,-8.719
59,24,-8.625
60,5,-9.469
60,7,-9.781
60,8,-9.844
60,13,-9.906
60,15,-9.844
60,16,-9.656
60,17,-9.75
60,18,1.312
60,19,-9.625
60,20,-9.562
60,119,2.844
60,120,-9.438
60,44,-9.656
60,57,-9.562
60,58,-9.625
60,104,-9.531
60,109,-9.531
60,103,-9.625
60,105,3.625
60,107,-9.375
60,102,-9.469
60,89,-9.531
60,62,-9.531
60,93,-9.531
61,5,5.156
61,7,-6.344
61,8,3.188
61,13,5.344
61,15,4.469
61,16,-7.062
61,17,-4.688
61,18,1.625
61,19,-3.656
61,20,2.219
61,110,4.594
61,111,4.812
61,112,6.5
61,113,4.469
61,114,-0.312
61,106,6.406
61,105,4
62,5,7.688
62,7,9.469
62,8,9.938
62,13,9.125
62,15,7.406
62,16,-9.844
62,17,9.812
62,18,9.75
62,19,6.562
62,20,4
62,115,-1.875
62,116,-2.781
62,117,-6.594
62,118,1.219
62,119,6.156
62,103,9.5
62,106,9.812
62,50,-4.656
62,29,-9.531
62,102,-6.75
62,36,0.875
62,35,4.625
62,27,9.844
62,32,9.688
62,21,2.094
62,53,-3.5
62,54,-8.281
62,89,-5.688
62,49,1.156
62,66,9.125
62,40,-4.656
62,61,-7.531
62,62,-3.031
62,69,-0.125
62,31,-2.562
62,72,-8.906
62,65,-9.625
62,83,-8.875
62,68,-9.312
62,81,-9.844
62,48,-7.031
62,42,9.688
62,39,9.688
62,93,8.75
62,26,9.781
62,101,8.312
62,100,6.5
62,78,2.219
62,76,3.75
62,46,5.281
63,5,-6.781
63,7,-7.5
63,8,-6.344
63,13,-3.281
64,5,1.562
64,7,-6.562
64,8,0.594
64,13,-9.594
64,15,2.812
64,16,5.375
64,17,2.469
64,18,-6.188
64,19,5.281
64,20,-6.125
64,120,-8.375
64,24,3.438
64,43,7.656
64,44,2.594
64,51,-5.062
64,89,4.094
64,50,5.625
64,32,3.375
64,36,5.312
64,62,4.625
64,27,6.375
64,72,5
64,35,4.531
64,53,5.438
64,29,6.688
64,54,5.469
64,66,4
64,65,4.406
64,93,4.812
64,68,5.125
64,49,5.625
64,69,0.812
64,88,4.219
64,76,8.781
64,61,8.781
64,91,7.875
64,87,3.156
64,21,5.594
64,56,4.656
64,83,3.812
64,31,6.094
64,48,7.125
64,42,2.719
64,97,7.156
64,81,5.5
64,78,6.969
64,96,8.656
64,28,8.625
64,47,5.75
64,92,6.688
64,26,4.938
64,94,6.375
64,46,6.75
64,38,7.812
64,73,5.25
64,77,2.812
64,39,5.094
64,45,7.438
64,95,8.531
64,22,7.094
64,70,6.281
64,80,3.625
64,40,3.531
64,98,9.156
64,55,3.875
64,85,3.969
64,100,3.656
64,101,8.625
64,34,8.875
64,84,8.688
64,82,6.906
64,23,6.875
64,25,7.812
64,99,8.781
64,86,7.906
64,63,8
64,79,8.125
64,90,7.812
64,102,8.5
64,103,6.031
64,104,7.688
64,105,7.062
64,106,7.062
64,107,8.031
64,108,7.781
64,109,7.719
64,75,1.656
64,60,9.094
64,41,-3.219
64,52,-4.094
64,67,4.312
64,30,4.906
64,59,5.281
64,64,6.5
64,71,-7.219
64,74,3.625
64,37,4.094
64,33,8.469
64,57,8.125
64,58,-4.781
64,117,5.906
64,111,5.375
64,114,6.5
64,110,5.844
64,119,6.812
64,118,2.219
64,116,5.688
65,5,9.875
65,7,9.719
65,8,10
65,13,8.625
65,15,7.406
65,16,-9.875
65,17,-9.531
65,18,-8.5
65,19,-7.156
65,20,-0.094
65,112,0.938
65,113,9.812
65,115,6.281
65,120,5.781
65,24,6.844
65,50,1
65,29,2.031
65,27,3.281
65,36,2.875
65,32,2.938
65,35,5.75
65,53,6
65,69,6
65,89,6
65,21,6.938
65,54,6.938
65,72,6.938
65,31,6.938
65,49,6.938
65,66,6.938
65,62,6.938
65,65,6.938
65,81,6.938
65,61,6.938
65,83,6.938
65,48,6.938
65,68,6.938
65,100,9.969
65,101,9.969
65,42,9.969
65,40,9.969
65,88,10
65,56,10
65,76,10
65,26,9.969
65,87,9.938
65,93,9.938
65,46,9.812
65,78,9.812
65,39,9.938
65,45,9.969
65,85,9.969
65,91,9.969
65,38,10
65,98,9.969
65,28,9.969
65,73,9.75
65,34,10
65,97,10
65,47,10
65,22,10
65,80,10
65,25,10
65,96,10
65,52,9.969
65,41,10
65,77,10
65,64,9.938
65,63,9.938
65,23,9.938
65,94,9.938
65,95,9.969
65,84,10
65,92,9.969
65,55,9.938
65,51,10
65,60,10
65,82,9.938
65,70,10
65,90,10
65,59,10
65,86,10
65,99,10
65,30,10
65,33,10
65,79,10
65,75,10
65,102,10
65,103,9.969
65,104,-3.688
65,105,9.938
65,106,9.969
65,107,9.969
65,108,10
65,109,10
65,43,10
65,37,10
65,71,10
65,74,9.875
65,67,9.875
65,44,9.875
65,57,9.875
65,58,9.875
65,116,9.438
65,118,7.812
65,114,7.812
65,117,7.156
65,110,8.375
65,111,9
65,119,9.812
65,130,9.969
65,126,9.875
65,122,9.906
65,124,9.938
65,128,9.938
65,129,9.938
65,121,9.969
65,125,9.969
65,123,9.969
65,127,9.969
66,5,4.25
66,7,-5.469
66,8,6.312
66,13,5.969
66,15,4.219
66,16,-3.156
66,17,-5.406
66,18,-5.125
66,19,6.719
66,20,7.25
66,43,7
66,44,-5.875
66,57,-5.938
66,58,-9.188
66,67,-7.781
66,50,3.344
66,105,1.938
66,32,7.812
66,35,5.719
66,27,5.938
66,89,4.312
66,29,5.25
67,5,8.719
67,7,7.031
68,5,4.25
68,7,3.156
68,8,4.062
68,13,6.562
68,15,7.062
68,16,9.312
68,17,10
68,18,-9.562
68,19,-9.875
68,20,0.281
68,71,5.406
68,74,8.312
68,108,9.875
68,110,9.5
71,5,0.5
71,7,7.094
71,8,0.125
71,13,0.719
71,15,0.688
71,16,-0.312
71,17,1.375
71,18,1.125
71,19,2.156
71,20,0.062
71,111,2.031
71,112,1.625
71,113,-1
71,114,3.75
71,115,1.312
71,109,0.969
71,103,0.594
71,108,-0.812
71,106,7.5
71,50,4.969
71,102,-0.156
71,89,7.031
71,36,1.094
71,32,4.375
71,29,3.938
71,27,-0.688
71,35,4.719
71,107,2.594
71,62,2.75
71,53,4.719
71,49,4.062
71,68,5.844
71,54,2.312
71,66,3.031
71,72,-0.406
71,69,3.094
71,61,3.125
71,81,-0.812
71,65,1.75
71,31,3.5
71,21,0.312
71,42,0.75
71,48,2.094
71,93,0.75
71,91,2.5
71,76,0.438
71,88,-0.344
71,56,2.75
71,83,-0.219
71,105,2.969
71,26,2.062
71,28,-0.219
71,46,-1.844
71,78,-0.656
71,97,3.75
71,87,0.812
71,40,-1.5
71,38,1.969
71,96,0.781
71,47,3.594
71,45,1.375
71,39,-1.5
71,100,-0.938
71,101,-0.312
71,95,2.469
71,22,-0.219
71,94,-0.375
71,98,-2
71,34,-2.875
71,85,-0.188
71,82,-0.25
71,84,0.062
71,80,-0.531
71,25,1.125
71,86,1.688
71,92,0.094
71,73,-0.312
71,55,-0.188
71,90,1.531
71,63,3.375
72,5,-3.875
72,7,-1.875
72,8,-3.531
72,13,-2.5
72,15,-1.875
72,16,1.438
72,17,7.375
72,18,3.531
72,19,-9.875
72,20,-4.25
72,116,9.906
72,117,9.844
72,118,9.25
72,119,9.969
72,120,10
72,50,9.969
72,29,5.344
72,89,9.938
72,36,9.781
72,27,9.938
72,32,9.75
72,35,9.812
72,53,8.875
72,65,4.938
72,21,9.562
72,72,9.312
72,54,6.781
72,49,7.188
72,31,8.656
72,69,9.344
72,66,10
72,76,9.781
72,62,9.906
72,42,7.812
72,83,9.719
72,87,9.812
72,61,5.656
72,93,9.562
72,81,9.406
72,68,5.062
72,88,9.625
72,91,9.594
72,46,9.938
72,78,7.375
72,48,9.969
72,56,7.562
72,100,-6.219
72,101,-0.875
72,40,3.094
72,26,7
72,80,9.938
72,84,1.125
72,85,-9.656
72,45,-2.75
72,97,2.062
72,39,3.562
72,98,-9.719
72,28,9.344
72,99,10
72,106,10
72,22,9.969
72,38,9.781
72,82,1.344
72,96,9.938
72,34,9.906
72,108,9.719
72,110,9.5
72,47,3.188
72,95,9.906
72,102,2.688
72,103,3.625
72,104,4.344
72,112,3.969
72,113,9.938
72,105,8.562
72,107,5.906
72,109,9.781
72,25,9.375
72,94,5.5
72,114,9.781
72,115,-9.844
72,92,9.75
72,77,-1.031
72,73,2.938
72,70,9.938
72,52,0.906
72,121,5.312
72,123,-0.625
72,55,0.25
72,90,2.219
72,75,9.844
72,23,9.219
72,86,1.469
72,125,1.125
72,126,3.406
72,64,-1.531
72,79,-0.906
72,51,0.656
72,63,9.438
72,60,-1.5
72,127,-0.25
72,128,2.156
72,41,-7.188
72,30,-2.094
72,59,-0.312
72,43,-0.438
72,74,-7.312
72,129,1.594
72,130,1.812
72,111,8.938
72,33,-9.875
72,57,1.469
72,122,1.125
72,124,2.219
72,140,1.594
72,142,5.25
72,44,1.5
72,131,4.25
72,132,5.031
72,133,7.125
72,134,9.938
72,146,8.656
73,5,-2.375
73,7,-6.344
73,8,-8.375
73,13,-8.938
73,15,0.781
73,16,2.469
73,17,-8.781
73,18,-6.25
73,19,-3.75
73,20,-4.438
73,24,2.156
73,37,2.344
73,43,3.188
73,44,-1.781
73,51,-8.688
73,104,7.562
73,109,7.25
73,103,3.281
73,105,9.688
73,107,-0.156
73,102,1.844
73,89,4.344
73,62,7.281
73,93,6.25
73,68,6.531
73,72,4.875
73,66,7.906
73,76,6.25
73,32,-3.969
73,27,7.188
73,87,7.188
73,92,6.719
73,91,8.812
73,53,-0.875
73,96,-6.594
73,88,6.562
73,50,8.406
73,36,8.875
73,28,6.906
73,49,-0.469
73,35,-5.406
73,69,-3.188
73,94,-7.625
73,47,1.688
73,97,8.406
73,48,7.969
73,54,7.156
73,95,7.719
73,83,-4.031
73,31,-9.406
73,61,2.062
74,5,-9.531
74,7,-9.719
74,8,-9.594
74,13,-9.281
74,15,-9.125
74,16,4.375
74,17,-9.438
74,18,7.531
74,19,-8.344
74,20,-8.812
74,57,-2.25
74,58,-7.781
74,59,-8.781
74,64,-8.812
74,67,-8.938
74,104,-8.438
74,109,-8.562
74,103,6.5
74,105,-8.938
74,107,-7.031
74,102,3.156
74,89,6.844
74,62,-9.031
74,93,5.562
74,68,-8.344
74,72,7.688
74,66,-9.906
74,76,-9.875
74,32,-9.906
74,27,2.938
74,87,4.5
74,92,4.031
74,91,1.312
74,53,-9.906
74,96,5.938
74,88,-5.094
74,50,-10
74,36,-9.906
74,28,5.75
74,49,-9.906
74,35,-9.906
74,69,-10
74,94,6.812
74,47,3.25
74,97,7
74,48,1.562
74,54,-9.906
74,95,-6.938
74,83,-9.906
74,31,-9.906
75,5,3.25
75,7,3.938
75,8,5.562
75,13,4.75
75,15,-5.875
75,16,5.969
75,17,9.344
75,18,-5.062
75,19,5.812
75,20,3.219
75,70,7.062
75,71,7.594
75,74,7.438
75,75,7.438
75,79,2.125
75,50,8.75
75,29,8.188
76,5,0.469
76,7,5.594
76,8,4.562
76,13,5.625
76,15,0
76,16,0.219
76,17,3.312
76,18,6.062
76,19,5.938
76,20,2.562
76,99,5.875
76,110,3.781
76,111,3.5
76,112,4.719
76,113,5.281
76,50,6.688
77,5,5.875
77,7,-9.156
77,8,6.188
77,13,4.5
77,15,7.906
77,16,7.906
77,17,7.906
77,18,7.906
77,19,7.906
77,20,7.906
77,114,8.375
77,115,9.312
77,116,9.312
77,117,9.219
77,118,9.219
77,50,-8.438
77,32,-8.438
77,62,-8.438
77,35,-8.438
77,36,-8.438
77,27,-8.438
77,49,-8.438
77,89,5.688
77,29,5.688
77,53,4.219
77,68,4.375
77,69,8.094
77,66,8.094
77,54,7.031
77,21,7.031
77,72,7.031
77,91,7.031
77,48,7.031
77,93,9
77,38,5.938
77,61,6.594
77,56,6.594
77,83,4.719
77,28,5.188
77,65,5.188
77,47,6.031
77,42,6.031
77,31,6.031
77,88,6.031
77,76,6.031
79,5,-7.844
79,7,-4.25
79,8,-2.75
79,13,0.938
79,15,-0.406
79,16,5.125
79,17,6.188
79,18,5.531
79,19,3.219
79,20,3.375
79,119,6.469
79,120,5.031
79,24,5.219
79,30,1.25
79,33,5.125
79,50,-2.75
79,89,5.062
79,32,6.406
79,62,6.25
79,36,6.906
79,27,6.875
79,68,6.219
79,35,6.188
79,72,6.406
79,66,6.469
79,49,0.844
79,53,6.875
79,69,6.656
79,88,5.938
79,91,1.406
79,29,1.031
79,54,1.312
80,5,4.562
80,7,8.031
80,8,-4.125
80,13,2.719
80,15,-2.906
80,16,-7.281
80,17,8.219
80,18,4.531
80,19,8.781
80,20,-5.531
80,37,-8.781
80,43,-8.906
80,44,-8.562
80,51,4.625
80,52,-0.156
80,50,9.469
80,29,7.531
80,32,9.094
80,36,6.5
80,27,4.562
80,35,8.438
80,89,7.125
80,49,9.812
80,62,3.531
80,54,9.312
80,53,9.812
80,66,9.75
80,65,6.906
80,21,6.25
80,31,7.031
80,72,8.062
80,69,3.969
80,61,1.312
80,42,6.469
80,68,8.5
80,56,2.594
80,48,-2.062
80,81,7.75
80,100,4.375
80,101,-3.25
80,76,3.062
80,46,6.094
80,88,1.406
80,83,7.219
80,39,2
80,45,-2.875
80,93,5.469
80,40,4.281
80,26,1.25
80,38,-2.844
80,28,2.719
80,87,2.188
80,78,6.562
80,22,1.219
80,91,-1.719
80,85,-4.5
80,47,-4
80,97,-2.75
80,84,-0.219
80,34,-6.188
80,94,-3.906
80,25,1.125
80,96,-3.969
80,80,5.656
81,5,6.594
81,7,-8.594
81,8,-7.125
81,13,-3.906
81,15,0.25
81,16,-9.719
81,17,-9.875
81,18,7.562
81,19,8.625
81,20,8.875
81,57,9.156
81,59,-8.438
81,60,-1.188
81,63,-6.438
81,64,-9.531
81,89,9.25
82,5,2.531
82,7,2.188
83,5,-3.844
83,7,-3.156
83,8,-5.438
83,13,-4.031
83,15,-4.312
83,16,-4.156
83,17,-4.719
84,5,-5.719
84,7,-9.594
84,8,9.469
84,13,-6.906
84,15,9.844
84,16,-9.875
84,17,9.75
84,18,9.688
84,19,6.312
84,20,5.188
84,67,4.281
84,70,3.094
84,71,-5.062
84,74,8.906
85,5,3.188
85,7,-9.219
85,8,7.688
85,13,-9.531
85,15,-7.188
85,16,7.281
85,17,7.219
85,18,-6.906
85,19,7.125
85,20,8.188
85,75,8.875
85,77,6.562
85,79,7.5
86,5,-6.906
86,7,-5.25
86,8,-8.719
86,13,-2.844
86,15,4.438
86,16,-5.094
86,17,1.656
86,18,3.5
86,19,-2.219
86,20,-4.188
86,86,-6.844
86,99,0.875
86,23,4.719
86,30,2.719
86,33,-6.844
86,50,4.156
86,89,-6.031
86,35,-6.812
86,27,-6.562
86,32,-0.25
86,36,4.469
86,29,-6.75
86,49,-3.562
86,62,-5.312
86,53,-3.75
86,68,-0.906
86,66,-0.906
86,54,-0.906
86,76,-1.094
86,72,-1.094
86,69,-1.094
86,61,-1.094
86,65,-0.75
86,87,-0.75
86,31,-0.531
86,93,-1.031
86,21,0
86,42,-0.406
86,83,8.938
86,56,4.156
86,88,-4.594
86,81,-6.531
86,91,-4.375
86,48,0.031
86,78,-4.531
86,26,7.062
86,47,-7.531
86,46,7.062
86,97,2.5
86,28,1.156
86,38,-4.375
86,96,0.906
86,100,-4.094
86,101,-5.906
86,98,3.031
86,80,4.594
86,92,3.812
86,39,4.969
86,77,0.156
86,73,-1.906
86,45,-4.094
86,22,1.969
86,70,-5
86,102,3.812
86,103,3.656
86,104,-3.594
86,105,-3.031
86,106,-4.469
86,107,3.188
86,108,6.625
86,109,2.844
86,95,-0.531
86,34,1.438
86,94,-3.062
86,55,2.656
86,84,2.656
86,40,-3.188
86,82,-0.938
86,63,-0.594
86,25,-2.844
87,5,0.312
87,7,-3.75
87,8,4.156
87,13,-4.844
87,15,-4.031
87,16,-0.531
87,17,2.094
87,18,-6.75
87,19,-7.094
87,20,-4.625
87,37,0.188
87,41,0.375
87,43,-4.438
87,44,-4.594
87,51,-4.875
87,50,1.438
87,29,2
87,36,2.562
87,27,3.062
87,106,-4.281
87,21,2
87,72,1.375
87,35,5.906
87,32,0.812
87,53,5.719
87,65,3
87,89,1.125
87,54,-3.594
87,31,-3.5
87,81,1.188
87,69,3.281
87,49,-0.312
87,83,1.594
87,42,1.594
87,61,-1.125
88,5,-2.094
88,7,-2.344
88,8,2.469
88,13,2.938
88,15,-1.125
88,16,-2.875
88,17,4.812
88,18,0.938
88,19,1.375
88,20,-0.438
88,52,1.594
88,57,-4.25
88,58,-4.812
88,59,-0.156
88,60,-1.031
88,106,1.906
88,105,5.5
88,109,2.969
88,50,4.812
88,29,4.438
88,104,3.312
88,103,-3.094
88,36,2.312
88,102,2.562
88,27,2.125
88,53,3.688
88,32,3.781
88,35,3.5
88,89,4.125
88,49,4.75
88,54,2.438
88,69,2.5
88,21,4.781
88,68,2.531
88,62,3.469
88,108,3.531
88,31,5.156
88,76,4.188
88,66,3.562
88,65,5.219
88,61,3.719
88,72,5.094
88,83,3.25
88,93,3.875
88,81,3.969
88,42,4.562
88,48,2.625
88,46,2.406
88,88,2.875
88,100,4.344
88,101,2.906
88,56,4.156
88,91,1.594
88,87,2
88,39,1.344
88,78,1.469
88,26,2.75
88,40,3.625
88,45,-1
88,47,2.281
88,38,2.375
88,22,-0.406
88,85,-0.406
88,98,5.562
88,95,3.344
88,73,2.094
88,80,3.281
88,97,-5.25
88,28,0.219
88,94,3.438
88,34,1.688
88,96,2.844
88,25,5.438
88,92,4.781
88,55,-1.844
88,82,-3.25
88,84,2.375
88,77,2.844
88,41,4.531
88,90,5.094
88,86,2.469
88,63,-0.969
88,70,3.594
88,23,-1.375
88,64,-2.438
88,51,1.25
88,75,-0.781
88,30,-1.062
88,99,-0.969
88,79,-0.969
88,33,-1.719
88,43,-1.906
88,107,2.188
88,67,-0.469
88,37,-0.219
88,74,-1.406
88,24,-2.438
88,71,2.375
88,44,-0.875
88,112,-0.781
89,5,6.281
89,7,1.625
89,8,-5.406
89,13,-3.594
89,15,6.094
89,16,-1.781
89,17,-3.906
89,18,3.312
89,19,-4.781
89,20,-3.469
89,79,-8.719
89,86,1.594
89,90,5.938
89,99,-7.031
89,110,-6.156
89,50,2.562
89,36,-8.188
89,89,2.25
89,32,-9.531
89,27,4.594
89,29,3.125
89,49,-0.375
89,35,0.625
89,62,2.344
89,69,-3.406
89,68,2.781
89,72,8.188
89,53,6.5
89,54,6.531
89,66,9.594
89,21,3.344
89,83,8.188
89,61,-0.156
89,93,-1.625
89,76,-1.375
89,48,-0.375
89,65,9.25
89,31,4.344
89,42,-0.219
89,88,-5.562
89,91,-3.688
89,56,1.219
89,87,-2.719
89,97,-3.406
89,78,0.625
89,96,-4.688
89,128,0
89,129,-8.281
89,28,-5.188
89,39,-5.906
89,38,-5.938
89,94,-3.812
89,46,-2.844
89,130,-0.844
89,121,2.531
89,81,1.562
89,47,-6.969
89,26,-7.594
89,45,-0.938
89,100,-4.844
89,122,-9.469
89,123,9.625
89,101,-8.594
89,22,-2.406
89,40,-6.812
89,92,-0.031
89,98,-2.656
89,124,-9.5
89,125,-1.719
89,34,2.281
89,73,-9.562
89,95,-0.5
89,55,-4
89,84,0.781
89,126,-6
89,127,-0.062
89,80,-3.906
89,70,1.688
89,63,-7.969
89,82,2.562
89,23,2.594
89,85,-7.344
89,111,-8.25
89,77,-9.781
89,25,-9.656
89,60,-9.844
89,41,-9.812
89,102,6.125
89,112,-9.844
89,113,-0.031
89,103,-9.781
89,104,-9.781
89,105,3.469
89,106,3.969
89,107,-9.438
89,114,7.969
89,115,-9.656
89,108,2.969
89,109,0.844
89,59,-9.594
90,5,-9.031
90,7,-9.375
90,8,-9.625
90,13,-9.844
90,15,-9.625
90,16,9.688
90,17,-9.625
90,18,5.469
90,19,-0.094
90,20,-5.344
90,64,-9.531
90,67,5.875
90,71,-9.625
90,74,2.25
90,75,-8.625
90,104,-8.438
90,109,-7.531
90,103,9.531
90,105,-8
90,107,-8.438
90,102,-8.219
90,89,-8.531
93,5,-4.5
93,7,-8.5
93,8,-9.5
93,13,-7.938
93,15,-7.656
93,16,-7.594
93,17,-7.844
93,18,-0.156
93,19,-0.969
93,20,0.156
93,111,-0.438
93,112,8.25
93,113,7.562
93,114,8.5
93,115,8.281
93,104,5.688
93,109,5.344
94,5,7.281
94,7,10
94,8,10
94,13,0.281
94,15,-0.062
94,16,-9.875
94,17,10
94,18,3.375
94,19,9.938
94,20,7.406
94,116,-1.281
94,117,-9.281
94,118,9.25
94,119,-2.5
94,120,-9.5
95,5,1.875
95,7,9.875
95,8,-1.125
95,13,-0.844
95,15,-2.219
95,16,6.5
95,17,2.719
95,18,9.281
95,19,7.062
95,20,-1.156
95,23,-5.562
95,24,-0.188
95,30,4
95,33,-4.594
95,37,9.219
95,62,-3.312
95,89,5.75
95,32,8.219
95,50,-5.031
95,72,3.469
95,35,0.031
95,93,-0.938
95,36,3.688
95,66,6.375
95,78,3.875
95,53,0.781
95,68,1.469
95,69,-4.406
95,27,3.062
95,96,2.938
95,28,6.656
95,91,2.344
95,76,1.719
95,49,1.844
95,94,1.812
95,97,7.062
95,90,8.5
95,88,5
95,38,-2.969
95,87,-4.75
95,48,8.281
95,47,4.625
95,63,9.938
95,21,9.938
95,92,4.719
95,54,3.688
95,95,-9.812
95,77,3.219
95,29,-4.594
95,61,-5.219
95,56,4.906
95,82,9.969
95,86,2.062
95,83,5.906
95,42,7.312
95,84,9.719
95,70,-6
95,73,5.438
95,80,6.688
95,40,8.219
95,39,-6.875
95,81,0.125
95,65,-0.062
95,45,-2.031
95,26,-3.25
95,34,-6.719
95,31,-0.531
95,99,-2.531
95,85,4.406
95,46,3.781
95,22,-1.719
95,55,-6.844
95,98,-0.281
95,59,8
95,79,-4.156
95,25,7.125
95,67,-4.344
95,57,6.438
95,100,6.562
95,101,-0.156
95,43,2.406
95,71,8.031
95,60,1.938
95,41,8.875
95,52,4.219
95,74,-1.406
95,75,5.156
95,64,0.531
95,44,5.969
95,51,-4.062
95,102,9.562
95,103,4.719
95,104,4.719
95,105,7.344
95,106,5.281
95,107,5.125
95,108,-7
95,109,-5.188
95,58,6.375
96,5,-0.219
96,7,-5.406
96,8,5.531
96,13,0
96,15,-8.969
96,16,5.281
96,17,-0.625
96,18,0.031
96,19,-0.281
96,20,-0.406
96,41,5.688
96,43,-5.25
96,44,5.75
96,51,1.938
96,52,3.812
96,50,6
96,32,4.375
96,27,-0.594
96,35,7.875
96,36,-2.938
96,62,8.875
96,89,9.156
96,53,9.062
96,66,-0.594
96,29,5.562
96,68,9.125
96,49,8.781
96,72,8.719
96,76,8.125
96,54,8.062
96,69,8.344
96,93,7.75
96,65,-0.219
96,88,2.062
96,83,-2.406
96,61,3.844
96,91,4.5
96,21,1.875
96,48,4.812
96,31,4.656
96,87,2.094
96,56,2.938
96,42,0
96,96,0.406
96,97,0.406
96,78,-0.156
96,28,7.625
96,47,6.031
96,38,0.375
96,95,-0.062
96,92,-0.062
96,81,-0.062
96,73,0.062
96,39,4.938
96,26,-1.625
96,40,0.219
96,46,-0.812
96,80,-1.188
96,70,-1.812
96,45,-1.875
96,94,0.656
96,34,5
96,22,3.375
96,98,4.125
96,77,-5.875
96,82,3.625
96,55,3.938
96,100,-3
96,101,-3.188
96,63,1.531
96,85,-1.562
96,84,2.812
96,23,3.719
96,99,2.938
96,90,-0.469
96,86,-0.5
96,25,2.438
96,79,-7.625
96,75,-3.531
96,30,-1.219
96,59,0.656
96,102,-1.406
96,103,0.312
96,104,2.625
96,105,4.969
96,106,3.094
96,107,3.469
96,108,4.875
96,109,4.594
96,60,3.406
96,67,-0.062
96,64,1.5
96,71,-0.5
96,33,-0.781
96,24,-1.781
96,37,-0.375
96,57,-5.656
96,74,-6
96,58,-5.844
96,110,-0.969
96,112,3.812
96,115,1.781
96,113,7.656
96,119,3.938
96,114,8.781
96,118,6.031
96,117,8.375
96,116,8.312
96,120,3.656
96,111,9.312
97,5,-9.969
97,7,-9.875
97,8,-9.844
97,13,-7.5
97,15,-9.812
97,16,-5.75
97,17,-5.5
97,18,-3.25
97,19,6.25
97,20,-9.844
97,110,8.656
97,111,7.25
97,112,7.375
97,113,9.281
97,114,9.625
97,104,9.969
97,109,9.906
97,103,-9.281
97,105,9.969
97,107,3
97,102,-0.969
97,89,8.375
97,62,9.812
97,93,7.031
97,68,1.344
97,72,-1.188
97,66,-3.469
97,76,5.938
97,32,6
97,27,-1.062
97,87,8.812
97,92,-1.094
97,91,9.5
97,53,-1.594
97,96,8.531
97,88,8.938
97,50,-0.781
97,36,-2.75
97,28,9.906
97,49,-2.812
97,35,10
97,69,-1.938
97,94,-1.75
97,47,7.188
97,97,8.094
97,48,-1.406
97,54,-3.281
97,95,9.344
97,83,-2.375
97,31,-1.375
97,61,-2.5
97,65,-2.875
97,56,-3.531
97,78,-3.625
97,81,-6.406
97,80,9.25
97,73,8.125
97,38,7.188
97,70,9.219
97,106,6.781
97,29,-9.094
97,86,-2.312
97,77,9.094
97,42,-5.75
97,46,-1.875
97,34,-6.469
97,26,-5.719
97,21,-5.844
97,63,2.062
97,55,2.812
97,84,1.438
97,82,9.406
97,90,7.094
97,99,9.469
97,23,3.719
97,98,1.125
97,71,0.031
97,39,-1.125
97,22,-2.938
97,79,5
97,45,-0.812
97,40,1.156
97,100,-2.5
97,101,-2.031
97,67,-1.312
97,25,-2.625
97,59,7.094
97,43,3.562
97,30,1.406
97,75,-0.469
97,85,3.938
97,57,2.125
97,108,-3.219
97,60,-1.594
97,24,-2.594
97,52,-2.5
97,37,5.125
97,44,-2.719
97,74,-2.938
97,41,1.25
97,33,-4.438
97,64,-4.438
97,51,-4.438
97,58,4.281
97,129,-3.906
97,118,9.094
97,120,6.031
98,5,-5.188
98,7,-8.812
98,8,-6.281
98,13,-2.25
98,15,-1.906
98,16,-3.406
98,17,-3.406
98,18,-3.312
98,19,-3.312
98,20,-3.312
98,115,-3.312
98,116,-3.312
98,117,-3.312
98,118,-3.312
98,119,-3.312
100,5,-0.875
100,7,9.906
100,8,-0.844
100,13,8.938
100,15,-0.969
100,16,-9.75
100,17,9.594